symbol,volume_conviction,accumulation_pattern,sector_strength,institutional_score,multibagger_bonus,delivery_pct,fii_holding,dii_holding,volume_trend,price_momentum,block_buying_detected,sustained_volume,price_tightening,volume_distribution,total_score,signal,close
SMLMAH,42.0,15,10,1,0,0.0,1.24,2.43,Rising,17.09793918968203,False,False,False,67.70061761147781,56.666666666666664,Watch,4566.0
EXIDEIND,34.0,15,10,8,0,0.0,10.62,19.3,Stable,-0.9323493129086091,False,False,False,66.44777357800409,55.833333333333336,Watch,435.6499938964844
CRAFTSMAN,18.0,15,10,8,6,0.0,17.28,32.9,Rising,6.459754067550882,False,False,True,80.11168426451944,47.5,Avoid,9913.0
GLAND,10.0,18,10,8,6,0.0,8.74,30.44,Declining,6.981536922612341,False,False,True,69.9688916228329,43.333333333333336,Avoid,2543.699951171875
COMSYN,26.0,15,10,1,0,0.0,0.0,0.06,Stable,15.498274210824725,False,False,False,76.35606984515216,43.333333333333336,Avoid,207.9199981689453
ASTRAMICRO,4.0,22,10,8,6,0.0,10.74,16.09,Rising,-0.5215594686302727,False,False,True,49.26152795885174,41.66666666666667,Avoid,1773.800048828125
CCL,6.0,18,10,8,6,0.0,12.07,21.1,Rising,1.1220725731819314,False,False,True,57.19555096022661,40.0,Avoid,1198.5999755859375
RPEL,12.0,19,10,1,6,0.0,0.81,0.0,Declining,0.5417118297870172,False,False,True,78.6013780039157,40.0,Avoid,1299.199951171875
ASTERDM,8.0,15,10,8,6,0.0,10.32,16.48,Rising,4.341449486539695,False,False,True,64.05607424066888,39.166666666666664,Avoid,818.3499755859375
MINDACORP,8.0,15,10,8,6,0.0,9.3,17.87,Rising,5.245153933865443,False,False,True,60.56012214738228,39.166666666666664,Avoid,692.25
AUROPHARMA,4.0,18,10,8,6,0.0,16.38,25.05,Declining,4.417744891641173,False,False,True,46.60171064305944,38.333333333333336,Avoid,1590.699951171875
STARHEALTH,10.0,12,10,8,6,0.0,16.04,19.41,Rising,3.7868241916702683,False,False,True,67.15978348101328,38.333333333333336,Avoid,598.8499755859375
PGIL,4.0,18,10,8,6,0.0,6.82,19.16,Stable,5.682636478274694,False,False,True,48.079944504202444,38.333333333333336,Avoid,2060.60009765625
WOCKPHARMA,6.0,18,10,5,6,0.0,7.23,9.24,Declining,3.611399177785768,False,False,True,55.410521973569836,37.5,Avoid,1916.5
PRIVISCL,10.0,15,10,3,6,0.0,1.94,10.07,Stable,3.385486204035626,False,False,True,66.11514579323868,36.666666666666664,Avoid,3707.300048828125
RBLBANK,4.0,15,10,8,6,0.0,8.77,16.92,Declining,4.889073758531404,False,False,True,38.900764045142544,35.833333333333336,Avoid,371.1499938964844
ADANIENSOL,10.0,15,10,6,0,0.0,10.14,11.77,Stable,-0.9502315914015735,False,False,False,67.42290986254706,34.166666666666664,Avoid,1667.800048828125
AVALON,4.0,12,10,8,6,0.0,7.81,24.72,Stable,-3.6477480594481304,False,False,True,54.10918499180585,33.33333333333333,Avoid,1677.300048828125
AIAENG,4.0,12,10,8,6,0.0,16.87,22.1,Stable,1.3422086425141755,False,False,True,52.14789031326937,33.33333333333333,Avoid,4643.5
SANSERA,4.0,12,10,8,6,0.0,21.52,31.04,Declining,1.3924215876146562,False,False,True,30.68282073007748,33.33333333333333,Avoid,3233.10009765625
ABDL,12.0,15,10,1,0,0.0,3.24,5.07,Rising,7.011866377220266,False,False,False,70.09173586041688,31.666666666666664,Avoid,644.7999877929688
INNOVACAP,4.0,12,10,6,6,0.0,0.34,19.92,Stable,0.0723190452196043,False,False,True,45.94025903862832,31.666666666666664,Avoid,968.6500244140625
MACPOWER,12.0,15,10,1,0,0.0,0.57,0.39,Rising,3.776241464685026,False,False,False,80.03441606462256,31.666666666666664,Avoid,1404.300048828125
MUFIN,4.0,15,10,3,6,0.0,2.26,10.05,Rising,3.9137454270858463,False,False,True,36.61189641819471,31.666666666666664,Avoid,130.10000610351562
GRANULES,4.0,9,10,8,6,0.0,17.5,16.11,Declining,-1.2550598041448313,False,False,True,20.055125346761415,30.833333333333336,Avoid,841.8499755859375
ARVIND,4.0,9,10,8,6,0.0,16.44,19.88,Stable,0.7595604803167788,False,False,True,22.8975043571903,30.833333333333336,Avoid,517.3499755859375
VIJAYA,4.0,9,10,8,6,0.0,11.65,31.61,Declining,4.033966424185986,False,False,True,34.9271330288697,30.833333333333336,Avoid,1372.0
KIRLOSENG,4.0,9,10,8,6,0.0,11.33,26.0,Stable,0.08719147974989294,False,True,False,21.30469910427031,30.833333333333336,Avoid,2180.89990234375
TEXINFRA,4.0,15,10,1,6,0.0,1.71,2.26,Stable,1.215749473567751,False,False,True,53.33985424832228,30.0,Avoid,114.88999938964844
CENTUM,4.0,9,10,6,6,0.0,3.31,19.67,Stable,0.21844593314441774,False,False,True,34.91855109564913,29.166666666666668,Avoid,3578.5
ALIVUS,4.0,12,10,3,6,0.0,5.54,7.18,Declining,1.5233882856338976,False,False,True,12.239000374227851,29.166666666666668,Avoid,1119.5999755859375
CAPLIPOINT,6.0,12,10,1,6,0.0,5.76,2.49,Rising,5.0912832198048985,False,False,True,59.094278812735176,29.166666666666668,Avoid,2613.199951171875
VENUSPIPES,4.0,9,10,6,6,0.0,2.63,17.81,Declining,0.154457049279344,False,False,True,24.952202761893552,29.166666666666668,Avoid,1685.9000244140625
DALMIASUG,8.0,15,10,1,0,0.0,0.52,0.27,Declining,-1.5147342075317982,False,False,False,62.51091308974582,28.333333333333332,Avoid,357.6000061035156
ATHERENERG,4.0,12,10,8,0,0.0,16.77,29.82,Declining,1.0460610545600435,False,False,False,36.66189486988448,28.333333333333332,Avoid,1246.0999755859375
ZYDUSLIFE,4.0,9,10,5,6,0.0,6.89,11.27,Stable,0.8896389206826116,False,False,True,21.060458306911926,28.333333333333332,Avoid,1122.699951171875
TALBROAUTO,4.0,12,10,1,6,0.0,1.27,0.18,Stable,0.73380410093844,False,False,True,53.627637478183686,27.500000000000004,Avoid,398.1000061035156
ADANIENT,6.0,5,10,6,6,0.0,10.51,10.75,Stable,0.4817275747508232,False,False,True,59.01711196043109,27.500000000000004,Avoid,3024.5
SAKAR,4.0,12,10,6,0,0.0,12.13,11.37,Rising,2.706624586135753,False,False,False,25.811107398680665,26.666666666666668,Avoid,850.0
RAYMOND,4.0,9,10,3,6,0.0,7.89,3.81,Stable,-2.823642053385611,False,False,True,49.59224388035949,26.666666666666668,Avoid,588.5
ACMESOLAR,4.0,5,10,6,6,0.0,4.39,19.1,Rising,0.9916006678310607,False,True,False,30.643888430384187,25.833333333333336,Avoid,366.6499938964844
RATEGAIN,4.0,9,10,8,0,0.0,5.75,20.86,Stable,5.238259412630564,False,False,False,35.741188456837314,25.833333333333336,Avoid,923.1500244140625
IPCALAB,4.0,9,10,8,0,0.0,10.72,37.04,Declining,0.18631712506211873,False,False,False,49.61075435941484,25.833333333333336,Avoid,1774.5
SUNDRMBRAK,4.0,9,10,1,6,0.0,0.0,0.0,Stable,-0.6563320214730162,False,False,True,25.71428571428571,25.0,Avoid,794.6500244140625
NOVARTIND,4.0,15,10,1,0,0.0,0.16,1.35,Rising,-4.608486287264646,False,False,False,40.83368254184818,25.0,Avoid,1595.9000244140625
HARRMALAYA,4.0,15,10,1,0,0.0,0.01,0.08,Stable,-1.439142104440716,False,False,False,41.77517467742411,25.0,Avoid,218.47000122070312
AMANTA,4.0,12,10,3,0,0.0,0.43,12.92,Declining,-2.30120923145708,False,False,False,46.16945609878598,24.166666666666668,Avoid,162.17999267578125
AMBIKCO,4.0,8,10,1,6,0.0,0.47,1.71,Rising,0.34765332030750606,False,False,True,49.68227380287682,24.166666666666668,Avoid,1703.0
BALAMINES,4.0,12,10,1,0,0.0,3.17,1.58,Rising,-3.3117678548101104,False,False,False,42.29724815378177,22.5,Avoid,2271.39990234375
GOODLUCK,4.0,12,10,1,0,0.0,2.48,6.5,Stable,0.41950868618783055,False,False,False,34.78111098100161,22.5,Avoid,1532.0
PANACHE,6.0,9,10,1,0,0.0,0.0,0.0,Stable,-2.029393972312221,False,False,False,59.181914242811864,21.666666666666668,Avoid,420.0
NEOGEN,4.0,5,10,6,0,0.0,4.11,19.6,Rising,-1.8543340283600829,False,False,False,37.09694805187663,20.833333333333336,Avoid,2048.300048828125
PACEDIGITK,4.0,9,10,1,0,0.0,0.98,5.36,Declining,0.18256534605933794,False,False,False,35.00521379759739,20.0,Avoid,197.5500030517578
NRL,4.0,9,10,1,0,0.0,0.41,0.0,Stable,-2.2428268744723034,False,False,False,29.56102793520971,20.0,Avoid,103.30000305175781
STYL,4.0,5,10,1,0,0.0,0.29,7.74,Stable,-12.320376994863146,False,False,False,35.386717836807044,16.666666666666664,Avoid,350.8500061035156
RPPL,4.0,5,10,1,0,0.0,0.0,1.08,Stable,-5.100177498079628,False,False,False,47.052185194716074,16.666666666666664,Avoid,20.84000015258789
EIFFL,4.0,5,10,1,0,0.0,0.0,2.06,Stable,1.7339217491612935,False,False,False,41.09139635893171,16.666666666666664,Avoid,322.70001220703125
